<?xml version="1.0" encoding="UTF-8"?>
<polaroids>
	<images>
		<image pic="images/01.jpg">Statue of Liberty</image>
		<image pic="images/03.jpg">View of Top of the Rock</image>
		<image pic="images/05.jpg">Rockfeller Center</image>
		<image pic="images/08.jpg">Manhattan</image>
		<image pic="images/09.jpg">View of Manhattan from the Brooklyn Bridge</image>
		<image pic="images/01.jpg">Statue of Liberty</image>
		<image pic="images/03.jpg">View of Top of the Rock</image>
		<image pic="images/05.jpg">Rockfeller Center</image>
		<image pic="images/08.jpg">Manhattan</image>
		<image pic="images/09.jpg">View of Manhattan from the Brooklyn Bridge</image>
		<image pic="images/01.jpg">Statue of Liberty</image>
		<image pic="images/03.jpg">View of Top of the Rock</image>
		<image pic="images/05.jpg">Rockfeller Center</image>
		<image pic="images/08.jpg">Manhattan</image>
		<image pic="images/09.jpg">View of Manhattan from the Brooklyn Bridge</image>


	</images>
</polaroids>


